video,frame_idx
v01,0
v01,1
v01,2
v01,3
v01,4
v01,5
v01,6
v01,7
v01,8
v01,9
v01,10
v01,11
v01,12
v01,13
v01,14
v01,15
v01,16
v01,17
v01,18
v01,19
v01,20
v01,21
v01,22
v01,23
v01,24
v01,25
v01,26
v01,27
v01,28
v01,29
v01,30
v01,31
v01,32
v01,33
v01,34
v01,35
v01,36
v01,37
v01,38
v01,39
v01,40
v01,41
v01,42
v01,43
v01,44
v01,45
v01,46
v01,47
v01,48
v01,49
v01,50
v01,51
v01,52
v01,53
v01,54
v01,55
v01,56
v01,57
v01,58
v01,59
v01,60
v01,61
v01,62
v01,63
v01,64
v01,65
v01,66
v01,67
v01,68
v01,69
v01,70
v01,71
v01,72
v01,73
v01,74
v01,75
v01,76
v01,77
v01,78
v01,79
v01,80
v01,81
v01,82
v01,83
v01,84
v01,85
v01,86
v01,87
v01,88
v01,89
v01,90
v01,91
v01,92
v01,93
v01,94
v01,95
v01,96
v01,97
v01,98
v01,99
v01,100
v01,101
v01,102
v01,103
v01,104
v01,105
v01,106
v01,107
v01,108
v01,109
v01,110
v01,111
v01,112
v01,113
v01,114
v01,115
v01,116
v01,117
v01,118
v01,119
v01,120
v01,121
v01,122
v01,123
v01,124
v01,125
v01,126
v01,127
v01,128
v01,129
v01,130
v01,131
v01,132
v01,133
v01,134
v01,135
v01,136
v01,137
v01,138
v01,139
v01,140
v01,141
v01,142
v01,143
v01,144
v01,145
v01,146
v01,147
v01,148
v01,149
v01,150
v01,151
v01,152
v01,153
v01,154
v01,155
v01,156
v01,157
v01,158
v01,159
v01,160
v01,161
v01,162
v01,163
v01,164
v01,165
v01,166
v01,167
v01,168
v01,169
v01,170
v01,171
v01,172
v01,173
v01,174
v01,175
v01,176
v01,177
v01,178
v01,179
v01,180
v01,181
v01,182
v01,183
v01,184
v01,185
v01,186
v01,187
v01,188
v01,189
v01,190
v01,191
v01,192
v01,193
v01,194
v01,195
v01,196
v01,197
v01,198
v01,199
v01,200
v01,201
v01,202
v01,203
v01,204
v01,205
v01,206
v01,207
v01,208
v01,209
v01,210
v01,211
v01,212
v01,213
v01,214
v01,215
v01,216
v01,217
v01,218
v01,219
v01,220
v01,221
v01,222
v01,223
v01,224
v01,225
v01,226
v01,227
v01,228
v01,229
v01,230
v01,231
v01,232
v01,233
v01,234
v01,235
v01,236
v01,237
v01,238
v01,239
v01,240
v01,241
v01,242
v01,243
v01,244
v01,245
v01,246
v01,613
v01,614
v01,615
v01,616
v01,617
v01,618
v01,619
v01,620
v01,621
v01,622
v01,623
v01,624
v01,625
v01,626
v01,627
v01,628
v01,629
v01,630
v01,631
v01,632
v01,633
v01,634
v01,635
v01,636
v01,637
v01,638
v01,639
v01,640
v01,641
v01,642
v01,643
v01,644
v01,645
v01,646
v01,647
v01,648
v01,649
v01,650
v01,651
v01,652
v01,653
v01,654
v01,655
v01,656
v01,657
v01,658
v01,659
v01,660
v01,661
v01,662
v01,663
v01,664
v01,665
v01,666
v01,667
v01,668
v01,669
v01,670
v01,671
v01,672
v01,673
v01,674
v01,675
v01,676
v01,677
v01,678
v01,679
v01,680
v01,681
v01,682
v01,683
v01,684
v01,685
v01,686
v01,687
v01,688
v01,689
v01,690
v01,691
v01,692
v01,693
v01,694
v01,695
v01,696
v01,697
v01,698
v01,699
v01,700
v01,701
v01,702
v01,703
v01,704
v01,705
v01,706
v01,707
v01,708
v01,709
v01,710
v01,711
v01,712
v01,713
v01,714
v01,715
v01,716
v01,717
v01,718
v01,719
v01,720
v01,721
v01,722
v01,723
v01,724
v01,725
v01,726
v01,727
v01,728
v01,729
v01,730
v01,731
v01,732
v01,733
v01,734
v01,735
v01,736
v01,737
v01,738
v01,739
v01,740
v01,741
v01,742
v01,743
v01,744
v01,745
v01,746
v01,747
v01,748
v01,749
v01,750
v01,751
v01,752
v01,753
v01,754
v01,755
v01,756
v01,757
v01,758
v01,759
v01,760
v01,761
v01,762
v01,763
v01,764
v01,765
v01,766
v01,767
v01,768
v01,769
v01,770
v01,771
v01,772
v01,773
v01,774
v01,775
v01,776
v01,777
v01,778
v01,779
v01,780
v01,781
v01,782
v01,783
v01,784
v01,785
v01,786
v01,787
v01,788
v01,789
v01,790
v01,791
v01,792
v01,793
v01,794
v01,795
v01,796
v01,797
v01,798
v01,799
v01,800
v01,801
v01,802
v01,803
v01,804
v01,805
v01,806
v01,807
v01,808
v01,809
v01,810
v01,811
v01,812
v01,813
v01,814
v01,815
v01,816
v01,817
v01,818
v01,819
v01,820
v01,821
v01,822
v01,823
v01,824
v01,825
v01,826
v01,827
v01,828
v01,829
v01,830
v01,831
v01,832
v01,833
v01,834
v01,835
v01,836
v01,837
v01,838
v01,839
v01,840
v01,841
v01,842
v01,843
v01,844
v01,845
v01,846
v01,847
v01,848
v01,849
v01,850
v01,851
v01,852
v01,853
v01,854
v01,855
v01,856
v01,857
v01,858
v01,859
v01,860
v01,861
v01,862
v01,863
v01,864
v01,865
v01,866
v01,867
v01,868
v01,869
v01,870
v01,871
v01,872
v01,873
v01,874
v01,875
v01,876
v01,877
v01,878
v01,879
v01,880
v01,881
v01,882
v01,883
v01,884
v01,885
v01,886
v01,887
v01,888
v01,889
v01,890
v01,891
v01,892
v01,893
v01,894
v01,895
v01,896
v01,897
v01,898
v01,899
v01,900
v01,901
v01,902
v01,903
v01,904
v01,905
v01,906
v01,907
v01,908
v01,909
v01,910
v01,911
v01,912
v01,913
v01,914
v01,915
v01,916
v01,917
v01,918
v01,919
v01,920
v01,921
v01,922
v01,923
v01,924
v01,925
v01,926
v01,927
v01,928
v01,929
v01,930
v01,931
v01,932
v01,933
v01,934
v01,935
v01,936
v01,937
v01,938
v01,939
v01,940
v01,941
v01,942
v01,943
v01,944
v01,945
v01,946
v01,947
v01,948
v01,949
v01,950
v01,951
v01,952
v01,953
v01,954
v01,955
v01,956
v01,957
v01,958
v01,959
v01,960
v01,961
v01,962
v01,963
v01,964
v01,965
v01,966
v01,967
v01,968
v01,969
v01,970
v01,971
v01,972
v01,973
v01,974
v01,975
v01,976
v01,977
v01,978
v01,979
v01,980
v01,981
v01,982
v01,983
v01,984
v01,985
v01,986
v01,987
v01,988
v01,989
v01,990
v01,991
v01,992
v01,993
v01,994
v01,995
v01,996
v01,997
v01,998
v01,999
v01,1000
v01,1001
v01,1002
v01,1003
v01,1004
v01,1005
v01,1006
v01,1007
v01,1008
v01,1009
v01,1010
v01,1011
v01,1012
v01,1013
v01,1014
v01,1015
v01,1016
v01,1017
v01,1018
v01,1019
v01,1020
v01,1021
v01,1022
v01,1023
v01,1024
v01,1025
v01,1026
v01,1027
v01,1028
v01,1029
v01,1030
v01,1031
v01,1032
v01,1033
v01,1034
v01,1035
v01,1036
v01,1037
v01,1038
v01,1039
v01,1040
v01,1041
v01,1042
v01,1043
v01,1044
v01,1045
v01,1046
v01,1047
v01,1048
v01,1049
v01,1050
v01,1051
v01,1052
v01,1053
v01,1054
v01,1055
v01,1056
v01,1057
v01,1058
v01,1059
v01,1060
v01,1061
v01,1062
v01,1063
v01,1064
v01,1065
v01,1066
v01,1067
v01,1068
v01,1069
v01,1070
v01,1071
v01,1072
v01,1073
v01,1074
v01,1075
v01,1076
v01,1077
v01,1078
v01,1079
v01,1080
v01,1081
v01,1082
v01,1083
v01,1084
v01,1085
v01,1086
v01,1087
v01,1088
v01,1089
v01,1090
v01,1091
v01,1092
v01,1093
v01,1094
v01,1095
v01,1096
v01,1097
v01,1098
v01,1099
v01,1100
v01,1101
v01,1102
v01,1103
v01,1104
v01,1105
v01,1106
v01,1107
v01,1108
v01,1109
v01,1110
v01,1111
v01,1112
v01,1113
v01,1114
v01,1115
v01,1116
v01,1117
v01,1118
v01,1119
v01,1120
v01,1121
v01,1122
v01,1123
v01,1124
v01,1125
v01,1126
v01,1127
v01,1128
v01,1129
v01,1130
v01,1131
v01,1132
v01,1133
v01,1134
v01,1135
v01,1136
v01,1137
v01,1138
v01,1139
v01,1140
v01,1141
v01,1142
v01,1143
v01,1144
v01,1145
v01,1146
v01,1147
v01,1148
v01,1149
v01,1150
v01,1151
v01,1152
v01,1153
v01,1154
v01,1155
v01,1156
v01,1157
v01,1158
v01,1159
v01,1160
v01,1161
v01,1162
v01,1163
v01,1164
v01,1165
v01,1166
v01,1167
v01,1168
v01,1169
v01,1170
v01,1171
v01,1172
v01,1173
v01,1174
v01,1175
v01,1176
v01,1177
v01,1178
v01,1179
v01,1180
v01,1181
v01,1182
v01,1183
v01,1184
v01,1185
v01,1186
v01,1187
v01,1188
v01,1189
v01,1190
v01,1191
v01,1192
v01,1193
v01,1194
v01,1195
v01,1196
v01,1197
v01,1198
v01,1199
v01,1200
v01,1201
v01,1202
v01,1203
v01,1204
v01,1205
v01,1206
v01,1207
v01,1208
v01,1209
v01,1210
v01,1211
v01,1212
v01,1213
v01,1214
v01,1215
v01,1216
v01,1217
v01,1218
v01,1219
v01,1220
v01,1221
v01,1222
v01,1223
v01,1224
v01,1225
v01,1226
v01,1227
v01,1228
v01,1229
v01,1230
v01,1231
v01,1232
v01,1233
v01,1234
v01,1235
v01,1236
v01,1237
v01,1238
v01,1239
v01,1240
v01,1241
v01,1242
v01,1243
v01,1244
v01,1245
v01,1246
v01,1247
v01,1248
v01,1249
v01,1250
v01,1251
v01,1252
v01,1253
v01,1254
v01,1255
v01,1256
v01,1257
v01,1258
v01,1259
v01,1260
v01,1261
v01,1262
v01,1263
v01,1264
v01,1265
v01,1266
v01,1267
v01,1268
v01,1269
v01,1270
v01,1271
v01,1272
v01,1273
v01,1274
v01,1275
v01,1276
v01,1277
v01,1278
v01,1279
v01,1280
v01,1281
v01,1282
v01,1283
v01,1284
v01,1285
v01,1286
v01,1287
v01,1288
v01,1289
v01,1290
v01,1291
v01,1292
v01,1293
v01,1294
v01,1295
v01,1296
v01,1297
v01,1298
v01,1299
v01,1300
v01,1301
v01,1302
v02,0
v02,1
v02,2
v02,3
v02,4
v02,5
v02,6
v02,7
v02,8
v02,9
v02,10
v02,11
v02,12
v02,13
v02,14
v02,15
v02,16
v02,17
v02,18
v02,19
v02,20
v02,21
v02,22
v02,23
v02,24
v02,25
v02,26
v02,27
v02,28
v02,29
v02,30
v02,31
v02,32
v02,33
v02,34
v02,35
v02,36
v02,37
v02,38
v02,39
v02,40
v02,41
v02,42
v02,43
v02,44
v02,45
v02,46
v02,47
v02,48
v02,49
v02,50
v02,51
v02,52
v02,53
v02,54
v02,55
v02,56
v02,57
v02,58
v02,59
v02,60
v02,61
v02,62
v02,63
v02,64
v02,65
v02,66
v02,67
v02,68
v02,69
v02,70
v02,71
v02,72
v02,73
v02,74
v02,75
v02,76
v02,77
v02,78
v02,79
v02,80
v02,81
v02,82
v02,83
v02,84
v02,85
v02,86
v02,87
v02,88
v02,89
v02,90
v02,91
v02,92
v02,93
v02,94
v02,95
v02,96
v02,97
v02,98
v02,99
v02,100
v02,101
v02,102
v02,103
v02,104
v02,105
v02,106
v02,107
v02,108
v02,109
v02,110
v02,111
v02,112
v02,113
v02,114
v02,115
v02,116
v02,117
v02,118
v02,119
v02,120
v02,121
v02,122
v02,123
v02,124
v02,125
v02,126
v02,127
v02,128
v02,129
v02,130
v02,131
v02,132
v02,133
v02,134
v02,135
v02,136
v02,137
v02,138
v02,139
v02,140
v02,141
v02,142
v02,143
v02,144
v02,145
v02,146
v02,147
v02,148
v02,149
v02,150
v02,151
v02,152
v02,153
v02,154
v02,155
v02,156
v02,157
v02,158
v02,159
v02,160
v02,161
v02,162
v02,163
v02,164
v02,165
v02,166
v02,167
v02,168
v02,169
v02,170
v02,171
v02,172
v02,173
v02,174
v02,175
v02,176
v02,177
v02,178
v02,179
v02,180
v02,181
v02,182
v02,183
v02,184
v02,185
v02,186
v02,187
v02,188
v02,189
v02,190
v02,191
v02,192
v02,193
v02,194
v02,195
v02,196
v02,197
v02,198
v02,199
v02,200
v02,201
v02,202
v02,203
v02,204
v02,205
v02,206
v02,207
v02,208
v02,209
v02,210
v02,211
v02,212
v02,213
v02,214
v02,215
v02,216
v02,217
v02,218
v02,219
v02,220
v02,221
v02,222
v02,223
v02,224
v02,225
v02,226
v02,227
v02,228
v02,229
v02,230
v02,231
v02,232
v02,233
v02,234
v02,235
v02,236
v02,237
v02,238
v02,239
v02,240
v02,241
v02,242
v02,243
v02,244
v02,245
v02,246
v02,247
v02,248
v02,249
v02,250
v02,251
v02,252
v02,253
v02,254
v02,255
v02,256
v02,257
v02,258
v02,259
v02,260
v02,261
v02,262
v02,263
v02,264
v02,265
v02,266
v02,267
v02,268
v02,269
v02,270
v02,271
v02,272
v02,273
v02,274
v02,275
v02,276
v02,277
v02,278
v02,279
v02,280
v02,281
v02,282
v02,283
v02,284
v02,285
v02,286
v02,287
v02,288
v02,289
v02,290
v02,291
v02,292
v02,293
v02,294
v02,295
v02,296
v02,297
v02,298
v02,299
v02,300
v02,301
v02,302
v02,303
v02,304
v02,305
v02,306
v02,391
v02,392
v02,393
v02,394
v02,395
v02,396
v02,397
v02,398
v02,399
v02,400
v02,401
v02,402
v02,403
v02,404
v02,405
v02,406
v02,407
v02,408
v02,409
v02,410
v02,411
v02,412
v02,413
v02,414
v02,415
v02,416
v02,417
v02,418
v02,419
v02,420
v02,421
v02,422
v02,423
v02,424
v02,425
v02,426
v02,427
v02,428
v02,429
v02,430
v02,431
v02,432
v02,433
v02,434
v02,435
v02,436
v02,437
v02,438
v02,439
v02,440
v02,441
v02,442
v02,443
v02,444
v02,445
v02,446
v02,447
v02,448
v02,449
v02,450
v02,451
v02,452
v02,453
v02,454
v02,455
v02,456
v02,457
v02,458
v02,459
v02,460
v02,461
v02,462
v02,463
v02,464
v02,465
v02,466
v02,467
v02,468
v02,469
v02,470
v02,471
v02,472
v02,473
v02,474
v02,475
v02,476
v02,477
v02,478
v02,479
v02,480
v02,481
v02,482
v02,483
v02,484
v02,485
v02,486
v02,487
v02,488
v02,489
v02,490
v02,491
v02,492
v02,493
v02,494
v02,495
v02,496
v02,497
v02,498
v02,499
v02,500
v02,501
v02,502
v02,503
v02,504
v02,505
v02,506
v02,507
v02,508
v02,509
v02,510
v02,511
v02,512
v02,513
v02,514
v02,515
v02,516
v02,517
v02,518
v02,519
v02,520
v02,521
v02,522
v02,523
v02,524
v02,525
v02,526
v02,527
v02,528
v02,529
v02,530
v02,531
v02,532
v02,533
v02,534
v02,535
v02,536
v02,537
v02,538
v02,539
v02,540
v02,541
v02,542
v02,543
v02,544
v02,545
v02,546
v02,547
v02,548
v02,549
v02,550
v02,551
v02,552
v02,553
v02,554
v02,555
v02,556
v02,557
v02,558
v02,559
v02,560
v02,561
v02,562
v02,563
v02,564
v02,565
v02,566
v02,567
v02,568
v02,569
v02,570
v02,571
v02,572
v02,573
v02,574
v02,575
v02,576
v02,577
v02,578
v02,579
v02,580
v02,581
v02,582
v02,583
v02,584
v02,585
v02,586
v02,587
v02,588
v02,589
v02,590
v02,591
v02,592
v02,593
v02,594
v02,595
v02,596
v02,597
v02,598
v02,599
v02,600
v02,601
v02,602
v02,603
v02,604
v02,605
v02,606
v02,607
v02,608
v02,609
v02,610
v02,611
v02,612
v02,613
v02,614
v02,615
v02,616
v02,617
v02,618
v02,619
v02,620
v02,621
v02,622
v02,623
v02,624
v02,625
v02,626
v02,627
v02,628
v02,629
v02,630
v02,631
v02,632
v02,633
v02,634
v02,635
v02,636
v02,637
v02,638
v02,639
v02,640
v02,641
v02,642
v02,643
v02,644
v02,645
v02,646
v02,647
v02,648
v02,649
v02,650
v02,651
v02,652
v02,653
v02,654
v02,655
v02,656
v02,657
v02,658
v02,659
v02,660
v02,661
v02,662
v02,663
v02,664
v02,665
v02,666
v02,667
v02,668
v02,669
v02,670
v02,671
v02,672
v02,673
v02,674
v02,675
v02,676
v02,677
v02,678
v02,679
v02,680
v02,681
v02,682
v02,683
v02,684
v02,685
v02,686
v02,687
v02,688
v02,689
v02,690
v02,691
v02,692
v02,693
v02,694
v02,695
v02,696
v02,697
v02,698
v02,699
v02,700
v02,701
v02,702
v02,703
v02,704
v02,705
v02,706
v02,707
v02,708
v02,709
v02,710
v02,711
v02,712
v02,713
v02,714
v02,715
v02,716
v02,717
v02,718
v02,719
v02,720
v02,721
v02,722
v02,723
v02,724
v02,725
v02,726
v02,727
v02,728
v02,729
v02,730
v02,731
v02,732
v02,733
v02,734
v02,735
v02,736
v02,737
v02,738
v02,739
v02,740
v02,741
v02,742
v02,743
v02,744
v02,745
v02,746
v02,747
v02,748
v02,749
v02,750
v02,751
v02,752
v02,753
v02,754
v02,755
v02,756
v02,757
v02,758
v02,759
v02,760
v02,761
v02,762
v02,763
v02,764
v02,765
v02,766
v02,767
v02,768
v02,769
v02,770
v02,771
v02,772
v02,773
v02,774
v02,775
v02,776
v02,777
v02,778
v02,779
v02,780
v02,781
v02,782
v02,783
v02,784
v02,785
v02,786
v02,787
v02,788
v02,789
v02,790
v02,791
v02,792
v02,793
v02,794
v02,795
v02,796
v02,797
v02,798
v02,799
v02,800
v02,801
v02,802
v02,803
v02,804
v02,805
v02,806
v02,807
v02,808
v02,809
v02,810
v02,811
v02,812
v02,813
v02,814
v02,815
v02,816
v02,817
v02,818
v02,819
v02,820
v02,821
v02,822
v02,823
v02,824
v02,825
v02,826
v02,827
v02,828
v02,829
v02,830
v02,831
v02,832
v02,833
v02,834
v02,835
v02,836
v02,837
v02,838
v02,839
v02,840
v02,841
v02,842
v02,843
v02,844
v02,845
v02,846
v02,847
v02,848
v02,849
v02,850
v02,851
v02,852
v02,853
v02,854
v02,855
v02,856
v02,857
v02,858
v02,859
v02,860
v02,861
v02,862
v02,863
v02,864
v02,865
v02,866
v02,867
v02,868
v02,869
v02,870
v02,871
v02,872
v02,873
v02,874
v02,875
v02,876
v02,877
v02,878
v02,879
v02,880
v02,881
v02,882
v02,883
v02,884
v02,885
v02,886
v02,887
v02,888
v02,889
v02,890
v02,891
v02,892
v02,893
v02,894
v02,895
v02,896
v02,897
v02,898
v02,899
v02,900
v02,901
v02,902
v02,903
v02,904
v02,905
v02,906
v02,907
v02,908
v02,909
v02,910
v02,911
v02,912
v02,913
v02,914
v02,915
v02,916
v02,917
v02,918
v02,919
v02,920
v02,921
v02,922
v02,923
v02,924
v02,925
v02,926
v02,927
v02,928
v02,929
v02,930
v02,931
v02,932
v02,933
v02,934
v02,935
v02,936
v02,937
v02,938
v02,939
v02,940
v02,941
v02,942
v02,943
v02,944
v02,945
v02,946
v02,947
v02,948
v02,949
v02,950
v02,951
v02,952
v02,953
v02,954
v02,955
v02,956
v02,957
v02,958
v02,959
v02,960
v02,961
v02,962
v02,963
v02,964
v02,965
v02,966
v02,967
v02,968
v02,969
v02,970
v02,971
v02,972
v02,973
v02,974
v02,975
v02,976
v02,977
v02,978
v02,979
v02,980
v02,981
v02,982
v02,983
v02,984
v02,985
v02,986
v02,987
v02,988
v02,989
v02,990
v02,991
v02,992
v02,993
v02,994
v02,995
v02,996
v02,997
v02,998
v02,999
v02,1000
v02,1001
v02,1002
v02,1003
v02,1004
v02,1005
v02,1006
v02,1007
v02,1008
v02,1009
v02,1010
v02,1011
v02,1012
v02,1013
v02,1014
v02,1015
v02,1016
v02,1017
v02,1018
v02,1019
v02,1020
v02,1021
v02,1022
v02,1023
v02,1024
v02,1025
v02,1026
v02,1027
v02,1028
v02,1029
v02,1030
v02,1031
v02,1032
v02,1033
v02,1034
v02,1035
v02,1036
v02,1037
v02,1038
v02,1039
v02,1040
v02,1041
v02,1042
v02,1043
v02,1044
v02,1045
v02,1046
v02,1047
v02,1048
v02,1049
v02,1050
v02,1051
v02,1052
v02,1053
v02,1054
v02,1055
v02,1056
v02,1057
v02,1058
v02,1059
v02,1060
v02,1061
v02,1062
v02,1063
v02,1064
v02,1065
v02,1066
v02,1067
v02,1068
v02,1069
v02,1070
v02,1071
v02,1072
v02,1073
v02,1074
v02,1075
v02,1076
v02,1077
v02,1078
v02,1079
v02,1080
v02,1081
v02,1082
v02,1083
v02,1084
v02,1085
v02,1086
v02,1087
v02,1088
v02,1089
v02,1090
v02,1091
v02,1092
v02,1093
v02,1094
v02,1095
v02,1096
v02,1097
v02,1098
v02,1099
v02,1100
v02,1101
v02,1102
v02,1103
v02,1104
v02,1105
v02,1106
v02,1107
v02,1108
v02,1109
v02,1110
v02,1111
v02,1112
v02,1113
v02,1114
v02,1115
v02,1116
v02,1117
v02,1118
v02,1119
v02,1120
v02,1121
v02,1122
v02,1123
v02,1124
v02,1125
v02,1126
v02,1127
v02,1128
v02,1129
v02,1130
v02,1131
v02,1132
v02,1133
v02,1134
v02,1135
v02,1136
v02,1137
v02,1138
v02,1139
v02,1140
v02,1141
v02,1142
v02,1143
v02,1144
v02,1145
v02,1146
v02,1147
v02,1148
v02,1149
v02,1150
v02,1151
v02,1152
v02,1153
v02,1154
v02,1155
v02,1156
v02,1157
v02,1158
v02,1159
v02,1160
v02,1161
v02,1162
v02,1163
v02,1164
v02,1165
v02,1166
v02,1167
v02,1168
v02,1169
v02,1170
v02,1171
v02,1172
v02,1173
v02,1174
v02,1175
v02,1176
v02,1177
v02,1178
v02,1179
v02,1180
v02,1181
v02,1182
v02,1183
v02,1184
v02,1185
v02,1186
v02,1187
v02,1188
v02,1189
v02,1190
v02,1191
v02,1192
v02,1193
v02,1194
v02,1195
v02,1196
v02,1197
v02,1198
v02,1199
v02,1200
v02,1201
v02,1202
v02,1203
v02,1204
v02,1205
v02,1206
v02,1207
v02,1208
v02,1209
v02,1210
v02,1211
v02,1212
v02,1213
v02,1214
v02,1215
v02,1216
v02,1217
v02,1218
v02,1219
v02,1220
v02,1221
v02,1222
v02,1223
v02,1224
v02,1225
v02,1226
v02,1227
v02,1228
v02,1229
v02,1230
v02,1231
v02,1232
v02,1233
v02,1234
v02,1235
v02,1236
v02,1237
v02,1238
v02,1239
v02,1240
v02,1241
v02,1242
v02,1243
v02,1244
v02,1245
v02,1246
v02,1247
v02,1248
v02,1249
v02,1250
v02,1251
v02,1252
v02,1253
v02,1254
v02,1255
v02,1256
v02,1257
v02,1258
v02,1259
v02,1260
v02,1261
v02,1262
v02,1263
v02,1264
v02,1265
v02,1266
v02,1267
v02,1268
v02,1269
v02,1270
v02,1271
v02,1272
v02,1273
v02,1274
v02,1275
v02,1276
v02,1277
v02,1278
v02,1279
v02,1280
v02,1281
v02,1282
v02,1283
v02,1284
v02,1285
v02,1286
v02,1287
v02,1288
v02,1289
v02,1290
v02,1291
v02,1292
v02,1293
v02,1294
v02,1295
v02,1296
v02,1297
v02,1298
v02,1299
v02,1300
v02,1301
v02,1302
v02,1303
v02,1304
v02,1305
v02,1306
v02,1307
v02,1308
v02,1309
v02,1310
v02,1311
v02,1312
v02,1313
v02,1314
v02,1315
v02,1316
v02,1317
v02,1318
v02,1319
v02,1320
v02,1321
v02,1322
v02,1323
v02,1324
v02,1325
v02,1326
v02,1327
v02,1328
v02,1329
v02,1330
v02,1331
v02,1332
v02,1333
v02,1334
v02,1335
v02,1336
v02,1337
v02,1338
v02,1339
v02,1340
v02,1341
v02,1342
v02,1343
v02,1344
v02,1345
v02,1346
v02,1347
v02,1348
v02,1349
v02,1350
v02,1351
v02,1352
v02,1353
v02,1354
v02,1355
v02,1356
v02,1357
v02,1358
v02,1359
v02,1360
v02,1361
v02,1362
v02,1363
v02,1364
v02,1365
v02,1366
v02,1367
v02,1368
v02,1369
v02,1370
v02,1371
v02,1372
v02,1373
v02,1374
v02,1375
v02,1376
v02,1377
v02,1378
v02,1379
v02,1380
v02,1381
v02,1382
v02,1383
v02,1384
v02,1385
v02,1386
v02,1387
v02,1388
v02,1389
v02,1390
v02,1391
v02,1392
v02,1393
v02,1394
v02,1395
v02,1396
v02,1397
v02,1398
v02,1399
v02,1400
v02,1401
v02,1402
v02,1403
v02,1404
v02,1405
v02,1406
v02,1407
v02,1408
v02,1409
v02,1410
v02,1411
v02,1412
v02,1413
v02,1414
v02,1415
v02,1416
v02,1417
v02,1418
v02,1419
v02,1420
v02,1421
v02,1422
v02,1423
v02,1424
v02,1425
v02,1426
v02,1427
v02,1428
v02,1429
v02,1430
v02,1431
v02,1432
v02,1433
v02,1434
v02,1435
v02,1436
v02,1437
v02,1438
v02,1439
v02,1440
v02,1441
v02,1442
v02,1443
v02,1444
v02,1445
v02,1446
v02,1447
v02,1448
v02,1449
v02,1450
v02,1451
v02,1452
v02,1453
v02,1454
v02,1455
v02,1456
v02,1457
v02,1458
v02,1459
v02,1460
v02,1461
v02,1462
v02,1463
v02,1464
v02,1465
v02,1466
v02,1467
v02,1468
v02,1469
v02,1470
v02,1471
v02,1472
v02,1473
v02,1474
v02,1475
v02,1476
v02,1477
v02,1478
v02,1479
v02,1480
v02,1481
v02,1482
v02,1483
v02,1484
v02,1485
v02,1486
v02,1487
v02,1488
v02,1489
v02,1490
v02,1491
v02,1492
v02,1493
v02,1494
v02,1495
v02,1496
v02,1497
v02,1498
v02,1499
v02,1500
v02,1501
v02,1502
v02,1503
v02,1504
v02,1505
v02,1506
v03,0
v03,1
v03,2
v03,3
v03,4
v03,5
v03,6
v03,7
v03,8
v03,9
v03,10
v03,11
v03,12
v03,13
v03,14
v03,15
v03,16
v03,17
v03,18
v03,19
v03,20
v03,21
v03,22
v03,23
v03,24
v03,25
v03,26
v03,27
v03,28
v03,29
v03,30
v03,31
v03,32
v03,33
v03,34
v03,35
v03,36
v03,37
v03,38
v03,39
v03,40
v03,41
v03,42
v03,43
v03,44
v03,45
v03,46
v03,47
v03,48
v03,49
v03,50
v03,51
v03,52
v03,53
v03,54
v03,55
v03,56
v03,57
v03,58
v03,59
v03,60
v03,61
v03,62
v03,63
v03,64
v03,65
v03,66
v03,67
v03,68
v03,69
v03,70
v03,71
v03,72
v03,73
v03,74
v03,75
v03,76
v03,77
v03,78
v03,79
v03,80
v03,81
v03,82
v03,387
v03,388
v03,389
v03,390
v03,391
v03,392
v03,393
v03,394
v03,395
v03,396
v03,397
v03,398
v03,399
v03,400
v03,401
v03,402
v03,403
v03,404
v03,405
v03,406
v03,407
v03,408
v03,409
v03,410
v03,411
v03,412
v03,413
v03,414
v03,415
v03,416
v03,417
v03,418
v03,419
v03,420
v03,421
v03,422
v03,423
v03,424
v03,425
v03,426
v03,427
v03,428
v03,429
v03,430
v03,431
v03,432
v03,433
v03,434
v03,435
v03,436
v03,437
v03,438
v03,439
v03,440
v03,441
v03,442
v03,443
v03,444
v03,445
v03,446
v03,447
v03,448
v03,449
v03,450
v03,451
v03,452
v03,453
v03,454
v03,455
v03,456
v03,457
v03,458
v03,459
v03,460
v03,461
v03,462
v03,463
v03,464
v03,465
v03,466
v03,467
v03,468
v03,469
v03,470
v03,471
v03,472
v03,473
v03,474
v03,475
v03,476
v03,477
v03,478
v03,479
v03,480
v03,481
v03,482
v03,483
v03,484
v03,485
v03,486
v03,487
v03,488
v03,489
v03,490
v03,491
v03,492
v03,493
v03,494
v03,495
v03,496
v03,497
v03,498
v03,499
v03,500
v03,501
v03,502
v03,503
v03,504
v03,505
v03,506
v03,507
v03,508
v03,509
v03,510
v03,511
v03,512
v03,513
v03,514
v03,515
v03,516
v03,517
v03,518
v03,519
v03,520
v03,521
v03,522
v03,523
v03,524
v03,525
v03,526
v03,527
v03,528
v03,529
v03,530
v03,531
v03,532
v03,533
v03,534
v03,535
v03,536
v03,537
v03,538
v03,539
v03,540
v03,541
v03,542
v03,543
v03,544
v03,545
v03,546
v03,547
v03,548
v03,549
v03,550
v03,551
v03,552
v03,553
v03,554
v03,555
v03,556
v03,557
v03,558
v03,559
v03,560
v03,561
v03,562
v03,563
v03,564
v03,565
v03,566
v03,567
v03,568
v03,569
v03,570
v03,571
v03,572
v03,573
v03,574
v03,575
v03,576
v03,577
v03,578
v03,579
v03,580
v03,581
v03,582
v03,583
v03,584
v03,585
v03,586
v03,587
v03,588
v03,589
v03,590
v03,591
v03,592
v03,593
v03,594
v03,595
v03,596
v03,597
v03,598
v03,599
v03,600
v03,601
v03,602
v03,603
v03,604
v03,605
v03,606
v03,607
v03,608
v03,609
v03,610
v03,611
v03,612
v03,613
v03,614
v03,615
v03,616
v03,617
v03,618
v03,619
v03,620
v03,621
v03,622
v03,623
v03,624
v03,625
v03,626
v03,627
v03,628
v03,629
v03,630
v03,631
v03,632
v03,633
v03,634
v03,635
v03,636
v03,637
v03,638
v03,639
v03,640
v03,641
v03,642
v03,643
v03,644
v03,645
v03,646
v03,647
v03,648
v03,649
v03,650
v03,651
v03,652
v03,653
v03,654
v03,655
v03,656
v03,657
v03,658
v03,659
v03,660
v03,661
v03,662
v03,663
v03,664
v03,665
v03,666
v03,667
v03,668
v03,669
v03,670
v03,671
v03,672
v03,673
v03,674
v03,675
v03,676
v03,677
v03,678
v03,679
v03,680
v03,681
v03,682
v03,683
v03,684
v03,685
v03,686
v03,687
v03,688
v03,689
v03,690
v03,691
v03,692
v03,693
v03,694
v03,695
v03,696
v03,697
v03,698
v03,699
v03,700
v03,701
v03,702
v03,703
v03,704
v03,705
v03,706
v03,707
v03,708
v03,709
v03,710
v03,711
v03,712
v03,713
v03,714
v03,715
v03,716
v03,717
v03,718
v03,719
v03,720
v03,721
v03,722
v03,723
v03,724
v03,725
v03,726
v03,727
v03,728
v03,729
v03,730
v03,731
v03,732
v03,733
v03,734
v03,735
v03,736
v03,737
v03,738
v03,739
v03,740
v03,741
v03,742
v03,743
v03,744
v03,745
v03,746
v03,747
v03,748
v03,749
v03,750
v03,751
v03,752
v03,753
v03,754
v03,755
v03,756
v03,757
v03,758
v03,759
v03,760
v03,761
v03,762
v03,763
v03,764
v03,765
v03,766
v03,767
v03,768
v03,769
v03,770
v03,771
v03,772
v03,773
v03,774
v03,775
v03,776
v03,777
v03,778
v03,779
v03,780
v03,781
v03,782
v03,783
v03,784
v03,785
v03,786
v03,787
v03,788
v03,789
v03,790
v03,791
v03,792
v03,793
v03,794
v03,795
v03,796
v05,0
v05,1
v05,2
v05,3
v05,4
v05,5
v05,6
v05,7
v05,8
v05,9
v05,10
v05,11
v05,12
v05,13
v05,14
v05,15
v05,16
v05,17
v05,18
v05,19
v05,20
v05,21
v05,22
v05,23
v05,24
v05,25
v05,26
v05,27
v05,28
v05,29
v05,30
v05,31
v05,32
v05,33
v05,34
v05,35
v05,36
v05,37
v05,38
v05,39
v05,40
v05,41
v05,42
v05,43
v05,44
v05,45
v05,46
v05,47
v05,48
v05,49
v05,50
v05,51
v05,52
v05,53
v05,54
v05,55
v05,56
v05,57
v05,58
v05,59
v05,60
v05,61
v05,62
v05,63
v05,64
v05,65
v05,66
v05,67
v05,68
v05,69
v05,70
v05,71
v05,72
v05,73
v05,74
v05,75
v05,76
v05,77
v05,78
v05,79
v05,80
v05,81
v05,82
v05,83
v05,84
v05,85
v05,86
v05,87
v05,88
v05,89
v05,90
v05,91
v05,92
v05,93
v05,94
v05,95
v05,96
v05,97
v05,98
v05,99
v05,100
v05,101
v05,102
v05,103
v05,104
v05,105
v05,106
v05,107
v05,108
v05,109
v05,110
v05,111
v05,112
v05,113
v05,114
v05,115
v05,116
v05,117
v05,118
v05,119
v05,120
v05,121
v05,122
v05,123
v05,124
v05,125
v05,126
v05,127
v05,128
v05,129
v05,130
v05,131
v05,132
v05,133
v05,134
v05,135
v05,136
v05,137
v05,138
v05,139
v05,140
v05,141
v05,142
v05,143
v05,144
v05,145
v05,146
v05,147
v05,148
v05,149
v05,150
v05,151
v05,152
v05,153
v05,154
v05,155
v05,156
v05,157
v05,158
v05,159
v05,160
v05,161
v05,162
v05,163
v05,164
v05,165
v05,166
v05,167
v05,168
v05,169
v05,170
v05,171
v05,172
v05,173
v05,174
v05,175
v05,176
v05,177
v05,178
v05,179
v05,180
v05,181
v05,182
v05,183
v05,184
v05,185
v05,186
v05,187
v05,188
v05,189
v05,190
v05,191
v05,192
v05,193
v05,194
v05,195
v05,196
v05,197
v05,198
v05,199
v05,200
v05,201
v05,202
v05,203
v05,204
v05,205
v05,206
v05,207
v05,208
v05,209
v05,210
v05,211
v05,212
v05,213
v05,214
v05,215
v05,216
v05,217
v05,218
v05,219
v05,220
v05,221
v05,222
v05,223
v05,224
v05,225
v05,226
v05,227
v05,228
v05,229
v05,230
v05,231
v05,232
v05,233
v05,234
v05,235
v05,236
v05,237
v05,238
v05,239
v05,240
v05,241
v05,242
v05,243
v05,244
v05,245
v05,246
v05,247
v05,248
v05,249
v05,250
v05,251
v05,252
v05,253
v05,254
v05,255
v05,256
v05,257
v05,258
v05,259
v05,260
v05,261
v05,262
v05,263
v05,264
v05,265
v05,266
v05,267
v05,268
v05,269
v05,270
v05,271
v05,272
v05,273
v05,274
v05,275
v05,276
v05,277
v05,278
v05,279
v05,280
v05,281
v05,282
v05,283
v05,284
v05,285
v05,286
v05,287
v05,288
v05,289
v05,290
v05,291
v05,292
v05,293
v05,294
v05,295
v05,296
v05,297
v05,298
v05,299
v05,300
v05,301
v05,302
v05,303
v05,304
v05,305
v05,306
v05,307
v05,308
v05,309
v05,310
v05,311
v05,312
v05,313
v05,314
v05,315
v05,316
v05,317
v05,318
v05,319
v05,320
v05,321
v05,322
v05,323
v05,324
v05,325
v05,326
v05,327
v05,328
v05,329
v05,330
v05,331
v05,332
v05,333
v05,334
v05,335
v05,336
v05,337
v05,338
v05,339
v05,340
v05,341
v05,342
v05,343
v05,344
v05,345
v05,346
v05,347
v05,348
v05,349
v05,350
v05,351
v05,352
v05,353
v05,354
v05,355
v05,356
v05,357
v05,358
v05,359
v05,360
v05,361
v05,362
v05,363
v05,364
v05,365
v05,366
v05,367
v05,368
v05,369
v05,370
v05,371
v05,372
v05,373
v05,374
v05,375
v05,376
v05,377
v05,378
v05,379
v05,380
v05,381
v05,382
v05,383
v05,384
v05,385
v05,386
v05,387
v05,388
v05,389
v05,390
v05,391
v05,392
v05,393
v05,394
v05,395
v05,396
v05,397
v05,398
v05,399
v05,400
v05,401
v05,402
v05,403
v05,404
v05,405
v05,406
v05,407
v05,408
v05,409
v05,410
v05,411
v05,412
v05,413
v05,414
v05,415
v05,416
v05,500
v05,501
v05,502
v05,503
v05,504
v05,505
v05,506
v05,507
v05,508
v05,509
v05,510
v05,511
v05,512
v05,513
v05,514
v05,515
v05,516
v05,517
v05,518
v05,519
v05,520
v05,521
v05,522
v05,523
v05,524
v05,525
v05,526
v05,527
v05,528
v05,529
v05,530
v05,531
v05,532
v05,533
v05,534
v05,535
v05,536
v05,537
v05,538
v05,539
v05,540
v05,541
v05,542
v05,543
v05,544
v05,545
v05,546
v05,547
v05,548
v05,549
v05,550
v05,551
v05,552
v05,553
v05,554
v05,555
v05,556
v05,557
v05,558
v05,559
v05,560
v05,561
v05,562
v05,563
v05,564
v05,565
v05,566
v05,567
v05,568
v05,569
v05,570
v05,571
v05,572
v05,573
v05,574
v05,575
v05,576
v05,577
v05,578
v05,579
v05,580
v05,581
v05,582
v05,583
v05,584
v05,585
v05,586
v05,587
v05,588
v05,589
v05,590
v05,591
v05,592
v05,593
v05,594
v05,595
v05,596
v05,597
v05,598
v05,599
v05,600
v05,601
v05,602
v05,603
v05,604
v05,605
v05,606
v05,607
v05,608
v05,609
v05,610
v05,611
v05,612
v05,613
v05,614
v05,615
v05,616
v05,617
v05,618
v05,619
v05,620
v05,621
v05,622
v05,623
v05,624
v05,625
v05,626
v05,627
v05,628
v05,629
v05,630
v05,631
v05,632
v05,633
v05,634
v05,635
v05,636
v05,637
v05,638
v05,639
v05,640
v05,641
v05,642
v05,643
v05,644
v05,645
v05,646
v05,647
v05,648
v05,649
v05,650
v05,651
v05,652
v05,653
v05,654
v05,655
v05,656
v05,657
v05,658
v05,659
v05,660
v05,661
v05,662
v05,663
v05,664
v05,665
v05,666
v05,667
v05,668
v05,669
v05,670
v05,671
v05,672
v05,673
v05,674
v05,675
v05,676
v05,677
v05,678
v05,679
v05,680
v05,681
v05,682
v05,683
v05,684
v05,685
v05,686
v05,687
v05,688
v05,689
v05,690
v05,691
v05,692
v05,693
v05,694
v05,695
v05,696
v05,697
v05,698
v05,699
v05,700
v05,701
v05,702
v05,703
v05,704
v05,705
v05,706
v05,707
v05,708
v05,709
v05,710
v05,711
v05,712
v05,713
v05,714
v05,715
v05,716
v05,717
v05,718
v05,719
v05,720
v05,721
v05,722
v05,723
v05,724
v05,725
v05,726
v05,727
v05,728
v05,729
v05,730
v05,731
v05,732
v05,733
v05,734
v05,735
v05,736
v05,737
v05,738
v05,739
v05,740
v05,741
v05,742
v05,743
v05,744
v05,745
v05,746
v05,747
v05,748
v05,749
v05,750
v05,751
v05,752
v05,753
v05,754
v05,755
v05,756
v05,757
v05,758
v05,759
v05,760
v05,761
v05,762
v05,763
v05,764
v05,765
v05,766
v05,767
v05,768
v05,769
v05,770
v05,771
v05,772
v05,773
v05,774
v05,775
v05,776
v05,777
v05,778
v05,779
v05,780
v05,781
v05,782
v05,783
v05,784
v05,785
v05,786
v05,787
v05,788
v05,789
v05,790
v05,791
v05,792
v05,793
v05,794
v05,795
v05,796
v05,797
v05,798
v05,799
v05,800
v05,801
v05,802
v05,803
v05,804
v05,805
v05,806
v05,807
v05,808
v05,809
v05,810
v05,811
v05,812
v05,813
v05,814
v05,815
v05,816
v05,817
v05,818
v05,819
v05,820
v05,821
v05,822
v05,823
v05,824
v05,825
v05,826
v05,827
v05,828
v05,829
v05,830
v05,831
v05,832
v05,833
v05,834
v05,835
v05,836
v05,837
v05,838
v05,839
v05,840
v05,841
v05,842
v05,843
v05,844
v05,845
v05,846
v05,847
v05,848
v05,849
v05,850
v05,851
v05,852
v05,853
v05,854
v05,855
v05,856
v05,857
v05,858
v05,859
v05,860
v05,861
v05,862
v05,863
v05,864
v05,865
v05,866
v05,867
v05,868
v05,869
v05,870
v05,871
v05,872
v05,873
v05,874
v05,875
v05,876
v05,877
v05,878
v05,879
v05,880
v05,881
v05,882
v05,883
v05,884
v05,885
v05,886
v05,887
v05,888
v05,889
v05,890
v05,891
v05,892
v05,893
v05,894
v05,895
v05,896
v05,897
v05,898
v05,899
v05,900
v05,901
v05,902
v05,903
v05,904
v05,905
v05,906
v05,907
v05,908
v05,909
v05,910
v05,911
v05,912
v05,913
v05,914
v05,915
v05,916
v05,917
v05,918
v05,919
v05,920
v05,921
v05,922
v05,923
v05,924
v05,925
v05,926
v05,927
v05,928
v05,929
v05,930
v05,931
v05,932
v05,933
v05,934
v05,935
v05,936
v05,937
v05,938
v05,939
v05,940
v05,941
v05,942
v05,943
v05,944
v05,945
v05,946
v05,947
v05,948
v05,949
v05,950
v05,951
v05,952
v05,953
v05,954
v05,955
v05,956
v05,957
v05,958
v05,959
v05,960
v05,961
v05,962
v05,963
v05,964
v05,965
v05,966
v05,967
v05,968
v05,969
v05,970
v05,971
v05,972
v05,973
v05,974
v05,975
v05,976
v05,977
v05,978
v05,979
v05,980
v05,981
v05,982
v05,983
v05,984
v05,985
v05,986
v05,987
v05,988
v05,989
v05,990
v05,991
v05,992
v05,993
v05,994
v05,995
v05,996
v05,997
v05,998
v05,999
v05,1000
v05,1001
v05,1002
v05,1003
v05,1004
v05,1005
v05,1006
v05,1007
v05,1008
v05,1009
v05,1010
v05,1011
v05,1012
v05,1013
v05,1014
v05,1015
v05,1016
v05,1017
v05,1018
v05,1019
v05,1020
v05,1021
v05,1022
v05,1023
v05,1024
v05,1025
v05,1026
v05,1027
v05,1028
v05,1029
v05,1030
v05,1031
v05,1032
v05,1033
v05,1034
v05,1035
v05,1036
v05,1037
v05,1038
v05,1039
v05,1040
v05,1041
v05,1042
v05,1043
v05,1044
v05,1045
v05,1046
v05,1047
v05,1048
v05,1049
v05,1050
v05,1051
v05,1052
v05,1053
v05,1054
v05,1055
v05,1056
v05,1057
v05,1058
v05,1059
v05,1060
v05,1061
v05,1062
v05,1063
v05,1064
v05,1065
v05,1066
v05,1067
v05,1068
v05,1069
v05,1070
v05,1071
v05,1072
v05,1073
v05,1074
v05,1075
v05,1076
v05,1077
v05,1078
v05,1079
v05,1080
v05,1081
v05,1082
v05,1083
v05,1084
v05,1085
v05,1086
v05,1087
v05,1088
v05,1089
v05,1090
v05,1091
v05,1092
v05,1093
v05,1094
v05,1095
v05,1096
v05,1097
v05,1098
v05,1099
v05,1100
v05,1101
v05,1102
v05,1103
v05,1104
v05,1105
v05,1106
v05,1107
v05,1108
v05,1109
v05,1110
v05,1111
v05,1112
v05,1113
v05,1114
v05,1115
v05,1116
v05,1117
v05,1118
v05,1119
v05,1120
v05,1121
v05,1122
v05,1123
v05,1124
v05,1125
v05,1126
v05,1127
v05,1128
v05,1129
v05,1130
v05,1131
v05,1132
v05,1133
v05,1134
v05,1135
v05,1136
v05,1137
v05,1138
v05,1139
v05,1140
v05,1141
v05,1142
v05,1143
v05,1144
v05,1145
v05,1146
v05,1147
v05,1148
v05,1149
v05,1150
v05,1151
v05,1152
v05,1153
v05,1154
v05,1155
v05,1156
v05,1157
v05,1158
v05,1159
v05,1160
v05,1161
v05,1162
v05,1163
v05,1164
v05,1165
v05,1166
v05,1167
v05,1168
v05,1169
v05,1170
v05,1171
v05,1172
v05,1173
v05,1174
v05,1175
v05,1176
v05,1177
v05,1178
v05,1179
v05,1180
v05,1181
v05,1182
v05,1183
v05,1184
v05,1185
v05,1186
v05,1187
v05,1188
v05,1189
v05,1190
v05,1191
v05,1192
v05,1193
v05,1194
v05,1195
v05,1196
v05,1197
v05,1198
v05,1199
v05,1200
v05,1201
v05,1202
v05,1203
v05,1204
v05,1205
v05,1206
v05,1207
v05,1208
v05,1209
v05,1210
v05,1211
v05,1212
v05,1213
v05,1214
v05,1215
v05,1216
v05,1217
v05,1218
v05,1219
v05,1220
v05,1221
v05,1222
v05,1223
v05,1224
v05,1225
v05,1226
v05,1227
v05,1228
v05,1229
v05,1230
v05,1231
v05,1232
v05,1233
v05,1234
v05,1235
v05,1236
v05,1237
v05,1238
v05,1239
v05,1240
v05,1241
v05,1242
v05,1243
v05,1244
v05,1245
v05,1246
v05,1247
v05,1248
v05,1249
v05,1250
v05,1251
v05,1252
v05,1253
v05,1254
v05,1255
v05,1256
v05,1257
v05,1258
v05,1259
v05,1260
v05,1261
v05,1262
v05,1263
v05,1264
v05,1265
v05,1266
v05,1267
v05,1268
v05,1269
v05,1270
v05,1271
v05,1272
v05,1273
v05,1274
v05,1275
v05,1276
v05,1277
v05,1278
v05,1279
v05,1280
v05,1281
v05,1282
v05,1283
v05,1284
v05,1285
v05,1286
v05,1287
v05,1288
v05,1289
v05,1290
v05,1291
v05,1292
v05,1293
v05,1294
v05,1295
v05,1296
v05,1297
v05,1298
v05,1299
v05,1300
v05,1301
v05,1302
v05,1303
v05,1304
v05,1305
v05,1306
v05,1307
v05,1308
v05,1309
v05,1310
v05,1311
v05,1312
v05,1313
v05,1314
v05,1315
v05,1316
v05,1317
v05,1318
v05,1319
v05,1320
v05,1321
v05,1322
v05,1323
v05,1324
v05,1325
v05,1326
v05,1327
v05,1328
v05,1329
v05,1330
v05,1331
v05,1332
v05,1333
v05,1334
v05,1335
v05,1336
v05,1337
v05,1338
v05,1339
v05,1340
v05,1341
v05,1342
v05,1343
v05,1344
v05,1345
v05,1346
v05,1347
v05,1348
v05,1349
v05,1350
v05,1351
v05,1352
v05,1353
v05,1354
v05,1355
v05,1356
v05,1357
v05,1358
v05,1359
v05,1360
v05,1361
v05,1362
v05,1363
v05,1364
v05,1365
v05,1366
v05,1367
v05,1368
v05,1369
v05,1370
v05,1371
v05,1372
v05,1373
v05,1374
v05,1375
v05,1376
v05,1377
v05,1378
v05,1379
v05,1380
v05,1381
v05,1382
v05,1383
v05,1384
v05,1385
v05,1386
v05,1387
v05,1388
v05,1389
v05,1390
v05,1391
v05,1392
v05,1393
v05,1394
v05,1395
v05,1396
v05,1397
v05,1398
v05,1399
v05,1400
v05,1401
v05,1402
v05,1403
v05,1404
v05,1405
v05,1406
v05,1407
v05,1408
v05,1409
v05,1410
v05,1411
v05,1412
v05,1413
v05,1414
v05,1415
v05,1416
v05,1417
v05,1418
v05,1419
v05,1420
v05,1421
v05,1422
v05,1423
v05,1424
v05,1425
v05,1426
v05,1427
v05,1428
v05,1429
v05,1430
v05,1431
v05,1432
v05,1433
v05,1434
v05,1435
v05,1436
v05,1437
v05,1438
v05,1439
v05,1440
v05,1441
v05,1442
v05,1443
v05,1444
v05,1445
v05,1446
v05,1447
v05,1448
v05,1449
v05,1450
v05,1451
v05,1452
v05,1453
v05,1454
v05,1455
v05,1456
v05,1457
v05,1458
v05,1459
v05,1460
v05,1461
v05,1462
v05,1463
v05,1464
v05,1465
v05,1466
v05,1467
v05,1468
v05,1469
v05,1470
v05,1471
v05,1472
v05,1473
v05,1474
v05,1475
v05,1476
v05,1477
v05,1478
v05,1479
v05,1480
v05,1481
v05,1482
v05,1483
v05,1484
v05,1485
v05,1486
v05,1487
v05,1488
v05,1489
v05,1490
v05,1491
v05,1492
v05,1493
v05,1494
v05,1495
v05,1496
v05,1497
v05,1498
v05,1499
v05,1500
v05,1501
v05,1502
v05,1503
v05,1504
v05,1505
v05,1506
v05,1507
v05,1508
v05,1509
v05,1510
v05,1511
v05,1512
v05,1513
v05,1514
v05,1515
v05,1516
v05,1517
v05,1518
v05,1519
v05,1520
v05,1521
v05,1522
v05,1523
v05,1524
v05,1525
v05,1526
v05,1527
v05,1528
v05,1529
v05,1530
v05,1531
v05,1532
v05,1533
v05,1534
v05,1535
v05,1536
v05,1537
v05,1538
v05,1539
v05,1540
v05,1541
v05,1542
v05,1543
v05,1544
v05,1545
v05,1546
v05,1547
v05,1548
v05,1549
v05,1550
v06,0
v06,1
v06,2
v06,3
v06,4
v06,5
v06,6
v06,7
v06,8
v06,9
v06,10
v06,11
v06,12
v06,13
v06,14
v06,15
v06,16
v06,17
v06,18
v06,19
v06,20
v06,21
v06,22
v06,23
v06,24
v06,25
v06,26
v06,27
v06,28
v06,29
v06,30
v06,31
v06,32
v06,33
v06,34
v06,35
v06,36
v06,37
v06,38
v06,39
v06,40
v06,41
v06,42
v06,43
v06,44
v06,45
v06,46
v06,47
v06,48
v06,49
v06,50
v06,51
v06,52
v06,53
v06,54
v06,55
v06,56
v06,57
v06,58
v06,59
v06,60
v06,61
v06,62
v06,63
v06,64
v06,65
v06,66
v06,67
v06,68
v06,69
v06,70
v06,71
v06,72
v06,73
v06,74
v06,75
v06,76
v06,77
v06,78
v06,79
v06,80
v06,81
v06,82
v06,83
v06,84
v06,85
v06,86
v06,87
v06,88
v06,89
v06,90
v06,91
v06,92
v06,93
v06,94
v06,95
v06,96
v06,97
v06,98
v06,99
v06,100
v06,101
v06,102
v06,103
v06,104
v06,105
v06,106
v06,107
v06,108
v06,109
v06,110
v06,111
v06,112
v06,113
v06,114
v06,115
v06,116
v06,117
v06,118
v06,119
v06,120
v06,121
v06,122
v06,123
v06,124
v06,125
v06,126
v06,127
v06,128
v06,129
v06,130
v06,131
v06,132
v06,133
v06,134
v06,135
v06,136
v06,137
v06,138
v06,139
v06,140
v06,141
v06,142
v06,143
v06,144
v06,145
v06,146
v06,147
v06,148
v06,149
v06,150
v06,151
v06,152
v06,153
v06,154
v06,155
v06,156
v06,157
v06,158
v06,159
v06,160
v06,310
v06,311
v06,312
v06,313
v06,314
v06,315
v06,316
v06,317
v06,318
v06,319
v06,320
v06,321
v06,322
v06,323
v06,324
v06,325
v06,326
v06,327
v06,328
v06,329
v06,330
v06,331
v06,332
v06,333
v06,334
v06,335
v06,336
v06,337
v06,338
v06,339
v06,340
v06,341
v06,342
v06,343
v06,344
v06,345
v06,346
v06,347
v06,348
v06,349
v06,350
v06,351
v06,352
v06,353
v06,354
v06,355
v06,356
v06,357
v06,358
v06,359
v06,360
v06,361
v06,362
v06,363
v06,364
v06,365
v06,366
v06,367
v06,368
v06,369
v06,370
v06,371
v06,372
v06,373
v06,374
v06,375
v06,376
v06,377
v06,378
v06,379
v06,380
v06,381
v06,382
v06,383
v06,384
v06,385
v06,386
v06,387
v06,388
v06,389
v06,390
v06,391
v06,392
v06,393
v06,394
v06,395
v06,396
v06,397
v06,398
v06,399
v06,400
v06,401
v06,402
v06,403
v06,404
v06,405
v06,406
v06,407
v06,408
v06,409
v06,410
v06,411
v06,412
v06,413
v06,414
v06,415
v06,416
v06,417
v06,418
v06,419
v06,420
v06,421
v06,422
v06,423
v06,424
v06,425
v06,426
v06,427
v06,428
v06,429
v06,430
v06,431
v06,432
v06,433
v06,434
v06,435
v06,436
v06,437
v06,438
v06,439
v06,440
v06,441
v06,442
v06,443
v06,444
v06,445
v06,446
v06,447
v06,448
v06,449
v06,450
v06,451
v06,452
v06,453
v06,454
v06,455
v06,456
v06,457
v06,458
v06,459
v06,460
v06,461
v06,462
v06,463
v06,464
v06,465
v06,466
v06,467
v06,468
v06,469
v06,470
v06,471
v06,472
v06,473
v06,474
v06,475
v06,476
v06,477
v06,478
v06,479
v06,480
v06,481
v06,482
v06,483
v06,484
v06,485
v06,486
v06,487
v06,488
v06,489
v06,490
v06,491
v06,492
v06,493
v06,494
v06,495
v06,496
v06,497
v06,498
v06,499
v06,500
v06,501
v06,502
v06,503
v06,504
v06,505
v06,506
v06,507
v06,508
v06,509
v06,510
v06,511
v06,512
v06,513
v06,514
v06,515
v06,516
v06,517
v06,518
v06,519
v06,520
v06,521
v06,522
v06,523
v06,524
v06,525
v06,526
v06,527
v06,528
v06,529
v06,530
v08,0
v08,1
v08,2
v08,3
v08,4
v08,5
v08,6
v08,7
v08,8
v08,9
v08,10
v08,348
v08,349
v08,350
v08,351
v08,352
v08,353
v08,354
v08,355
v08,356
v08,357
v08,358
v08,359
v08,360
v08,361
v08,362
v08,363
v08,364
v08,365
v08,366
v08,367
v08,368
v08,369
v08,370
v08,371
v08,372
v08,373
v08,374
v08,375
v08,376
v08,377
v08,378
v08,379
v08,380
v08,381
v08,382
v08,383
v08,384
v08,385
v08,386
v08,387
v08,388
v08,389
v08,390
v08,391
v08,392
v08,393
v08,394
v08,395
v08,396
v08,397
v08,398
v08,399
v08,400
v08,401
v08,402
v08,403
v08,404
v08,405
v08,406
v08,407
v08,408
v08,409
v08,410
v08,411
v08,412
v08,413
v08,414
v08,415
v08,416
v08,417
v08,418
v08,419
v08,420
v08,421
v08,422
v08,423
v08,424
v08,425
v08,426
v08,427
v08,428
v08,429
v08,430
v08,431
v08,432
v08,433
v08,434
v08,435
v08,436
v08,437
v08,438
v08,439
v08,440
v08,441
v08,442
v08,443
v08,444
v08,445
v08,446
v08,447
v08,448
v08,449
v08,450
v08,451
v08,452
v08,453
v08,454
v08,455
v08,456
v08,457
v08,458
v08,459
v08,460
v08,461
v08,462
v08,463
v08,464
v08,465
v08,466
v08,467
v08,468
v08,469
v08,470
v08,471
v08,472
v08,473
v08,474
v08,475
v08,476
v08,477
v08,478
v08,479
v08,480
v08,481
v08,482
v08,483
v08,484
v08,485
v08,486
v08,487
v08,488
v08,489
v08,490
v08,491
v08,492
v08,493
v08,494
v08,495
v08,496
v08,497
v08,498
v08,499
v08,500
v08,501
v08,502
v08,503
v08,504
v08,505
v08,506
v08,507
v08,508
v08,509
v08,510
v08,511
v08,512
v08,513
v08,514
v08,515
v08,516
v08,517
v08,518
v08,519
v08,520
v08,521
v08,522
v08,523
v08,524
v08,525
v08,526
v08,527
v08,528
v08,529
v08,530
v08,531
v08,532
v08,533
v08,534
v08,535
v08,536
v08,537
v08,538
v08,539
v08,540
v08,541
v08,542
v08,543
v08,544
v08,545
v08,546
v08,547
v08,548
v08,549
v08,550
v08,551
v08,552
v08,553
v08,554
v08,555
v08,556
v08,557
v08,558
v08,559
v08,560
v08,561
v08,562
v08,563
v08,564
v08,565
v08,566
v08,567
v08,568
v08,569
v08,570
v08,571
v08,572
v08,573
v08,574
v08,575
v08,576
v08,577
v08,578
v08,579
v08,580
v08,581
v08,582
v08,583
v08,584
v08,585
v08,586
v08,587
v08,588
v08,589
v08,590
v08,591
v08,592
v08,593
v08,594
v08,595
v08,596
v08,597
v08,598
v08,599
v08,600
v08,601
v08,602
v08,603
v08,604
v08,605
v08,606
v08,607
v08,608
v08,609
v08,610
v08,611
v08,612
v08,613
v08,614
v08,615
v08,616
v08,617
v08,618
v08,619
v08,620
v08,621
v08,622
v08,623
v08,624
v08,625
v08,626
v08,627
v08,628
v08,629
v08,630
v08,631
v08,632
v08,633
v08,634
v08,635
v08,636
v08,637
v08,638
v08,639
v08,640
v08,641
v08,642
v08,643
v08,644
v08,645
v08,646
v08,647
v08,648
v08,649
v08,650
v08,651
v08,652
v08,653
v08,654
v08,655
v08,656
v08,657
v08,658
v08,659
v08,660
v08,661
v08,662
v08,663
v08,664
v08,665
v08,666
v08,667
v08,668
v08,669
v08,670
v08,671
v08,672
v08,673
v08,674
v08,675
v08,676
v08,677
v08,678
v08,679
v08,680
v08,681
v08,682
v08,683
v08,684
v08,685
v08,686
v08,687
v08,688
v08,689
v08,690
v08,691
v08,692
v08,693
v08,694
v08,695
v08,696
v08,697
v08,698
v08,699
v08,700
v08,701
v08,702
v08,703
v08,704
v08,705
v08,706
v08,707
v08,708
v08,709
v08,710
v08,711
v08,712
v08,713
v08,714
v08,715
v08,716
v08,717
v08,718
v08,719
v08,720
v08,721
v08,722
v08,723
v08,724
v08,725
v08,726
v08,727
v08,728
v08,729
v08,730
v08,731
v08,732
v08,733
v08,734
v08,735
v08,736
v08,737
v08,738
v08,739
v08,740
v08,741
v08,742
v08,743
v08,744
v08,745
v08,746
v08,747
v08,748
v08,749
v08,750
v08,751
v08,752
v08,753
v08,754
v08,755
v08,756
v08,757
v08,758
v08,759
v08,760
v08,761
v08,762
v08,763
v08,764
v08,765
v08,766
v08,767
v08,768
v08,769
v08,770
v08,771
v08,772
v08,773
v08,774
v08,775
v08,776
v08,777
v08,778
v08,779
v08,780
v08,781
v08,782
v08,783
v08,784
v08,785
v08,786
v08,787
v08,788
v08,789
v08,790
v08,791
v08,792
v08,793
v08,794
v08,795
v08,796
v08,797
v08,798
v08,799
v08,800
v08,801
v08,802
v08,803
v08,804
v08,805
v08,806
v08,807
v08,808
v08,809
v08,810
v08,811
v08,812
v08,813
v08,814
v08,815
v08,816
v08,817
v08,818
v08,819
v08,820
v08,821
v08,822
v08,823
v08,824
v08,825
v08,826
v08,827
v08,828
v08,829
v08,830
v08,831
v08,832
v08,833
v08,834
v08,835
v08,836
v08,837
v08,838
v08,839
v08,840
v08,841
v08,842
v08,843
v08,844
v08,845
v08,846
v08,847
v08,848
v08,849
v08,850
v08,851
v08,852
v08,853
v08,854
v08,855
v08,856
v08,857
v08,858
v08,859
v08,860
v08,861
v08,862
v08,863
v08,864
v08,865
v08,866
v08,867
v08,868
v08,869
v08,870
v08,871
v08,872
v08,873
v08,874
v08,875
v08,876
v08,877
v08,878
v08,879
v08,880
v08,881
v08,882
v08,883
v08,884
v08,885
v08,886
v08,887
v08,888
v08,889
v08,890
v08,891
v08,892
v08,893
v08,894
v08,895
v08,896
v08,897
v08,898
v08,899
v08,900
v08,901
v08,902
v08,903
v08,904
v08,905
v08,906
v08,907
v08,908
v08,909
v08,910
v08,911
v08,912
v08,913
v08,914
v08,915
v08,916
v08,917
v08,918
v08,919
v08,920
v08,921
v08,922
v08,923
v08,924
v08,925
v08,926
v08,927
v08,928
v08,929
v08,930
v08,931
v08,932
v08,933
v08,934
v08,935
v08,936
v08,937
v08,938
v08,939
v08,940
v08,941
v08,942
v08,943
v08,944
v08,945
v08,946
v08,947
v08,948
v08,949
v08,950
v08,951
v08,952
v08,953
v08,954
v08,955
v08,956
v08,957
v08,958
v08,959
v08,960
v08,961
v08,962
v08,963
v08,964
v08,965
v08,966
v08,967
v08,968
v08,969
v08,970
v08,971
v08,972
v08,973
v08,974
v08,975
v08,976
v08,977
v08,978
v08,979
v08,980
v08,981
v08,982
v08,983
v08,984
v08,985
v08,986
v08,987
v08,988
v08,989
v08,990
v08,991
v08,992
v08,993
v08,994
v08,995
v08,996
v08,997
v08,998
v08,999
v08,1000
v08,1001
v08,1002
v08,1003
v08,1004
v08,1005
v08,1006
v08,1007
v08,1008
v08,1009
v08,1010
v08,1011
v08,1012
v08,1013
v08,1014
v08,1015
v08,1016
v08,1017
v08,1018
v08,1019
v08,1020
v08,1021
v08,1022
v08,1023
v08,1024
v08,1025
v08,1026
v08,1027
v08,1028
v08,1029
v08,1030
v08,1031
v08,1032
v08,1033
v08,1034
v08,1035
v08,1036
v08,1037
v08,1038
v08,1039
v08,1040
v08,1041
v08,1042
v08,1043
v08,1044
v08,1045
v08,1046
v08,1047
v08,1048
v08,1049
v08,1050
v08,1051
v08,1052
v08,1053
v08,1054
v08,1055
v08,1056
v08,1057
v08,1058
v08,1059
v08,1060
v09,408
v09,409
v09,410
v09,411
v09,412
v09,413
v09,414
v09,415
v09,416
v09,417
v09,418
v09,419
v09,420
v09,421
v09,422
v09,423
v09,424
v09,425
v09,426
v09,427
v09,428
v09,429
v09,430
v09,431
v09,432
v09,433
v09,434
v09,435
v09,436
v09,437
v09,438
v09,439
v09,440
v09,441
v09,442
v09,443
v09,444
v09,445
v09,446
v09,447
v09,448
v09,449
v09,450
v09,451
v09,452
v09,453
v09,454
v09,455
v09,456
v09,457
v09,458
v09,459
v09,460
v09,461
v09,462
v09,463
v09,464
v09,465
v09,466
v09,467
v09,468
v09,469
v09,470
v09,471
v09,472
v09,473
v09,474
v09,475
v09,476
v09,477
v09,478
v09,479
v09,480
v09,481
v09,482
v09,483
v09,484
v09,485
v09,486
v09,487
v09,488
v09,489
v09,490
v09,491
v09,492
v09,493
v09,494
v09,495
v09,496
v09,497
v09,498
v09,499
v09,500
v09,501
v09,502
v09,503
v09,504
v09,505
v09,506
v09,507
v09,508
v09,509
v09,510
v09,511
v09,512
v09,513
v09,514
v09,515
v09,516
v09,517
v09,518
v09,519
v09,520
v09,521
v09,522
v09,523
v09,524
v09,525
v09,526
v09,527
v09,528
v09,529
v09,530
v09,531
v09,532
v09,533
v09,534
v09,535
v09,536
v09,537
v09,538
v09,539
v09,540
v09,541
v09,542
v09,543
v09,544
v09,545
v09,546
v09,547
v09,548
v09,549
v09,550
v09,551
v09,552
v09,553
v09,554
v09,555
v09,556
v09,557
v09,558
v09,559
v09,560
v09,561
v09,562
v09,563
v09,564
v09,565
v09,566
v09,567
v09,568
v09,569
v09,570
v09,571
v09,572
v09,573
v09,574
v09,575
v09,576
v09,577
v09,578
v09,579
v09,580
v09,581
v09,582
v09,583
v09,584
v09,585
v09,586
v09,587
v09,588
v09,589
v09,590
v09,591
v09,592
v09,593
v09,594
v09,595
v09,596
v09,597
v09,598
v09,599
v09,600
v09,601
v09,602
v09,603
v09,604
v09,605
v09,606
v09,607
v09,608
v09,609
v09,610
v09,611
v09,612
v09,613
v09,614
v09,615
v09,616
v09,617
v09,618
v09,619
v09,620
v09,621
v09,622
v09,623
v09,624
v09,625
v09,626
v09,627
v09,628
v09,629
v09,630
v09,631
v09,632
v09,633
v09,634
v09,635
v09,636
v09,637
v09,638
v09,639
v09,640
v09,641
v09,642
v09,643
v09,644
v09,645
v09,646
v09,647
v09,648
v09,649
v09,650
v09,651
v09,652
v09,653
v09,654
v09,655
v09,656
v09,657
v09,658
v09,659
v09,660
v09,661
v09,662
v09,663
v09,664
v09,665
v09,666
v09,667
v09,668
v09,669
v09,670
v09,671
v09,672
v09,673
v09,674
v09,675
v09,676
v09,677
v09,678
v09,679
v09,680
v09,681
v09,682
v09,683
v09,684
v09,685
v09,686
v09,687
v09,688
v09,689
v09,690
v09,691
v09,692
v09,693
v09,694
v09,695
v09,696
v09,697
v09,698
v09,699
v09,700
v09,701
v09,702
v09,703
v09,704
v09,705
v09,706
v09,707
v09,708
v09,709
v09,710
v09,711
v09,712
v09,713
v09,714
v09,715
v09,716
v09,717
v09,718
v09,719
v09,720
v09,721
v09,722
v09,723
v09,724
v09,725
v09,726
v09,727
v09,728
v09,729
v09,730
v09,731
v09,732
v09,733
v09,734
v09,735
v09,736
v09,737
v09,738
v09,739
v09,740
v09,741
v09,742
v09,743
v09,744
v09,745
v09,746
v09,747
v09,748
v09,749
v09,750
v09,751
v09,752
v09,753
v09,754
v09,755
v09,756
v09,757
v09,758
v09,759
v09,760
v09,761
v09,762
v09,763
v09,764
v09,765
v09,766
v09,767
v09,768
v09,769
v09,770
v09,771
v09,772
v09,773
v09,774
v09,775
v09,776
v09,777
v09,778
v09,779
v09,780
v09,781
v09,782
v09,783
v09,784
v09,785
v09,786
v09,787
v09,788
v09,789
v09,790
v09,791
v09,792
v09,793
v09,794
v09,795
v09,796
v09,797
v09,798
v09,799
v09,800
v09,801
v09,802
v09,803
v09,804
v09,805
v09,806
v09,807
v09,808
v09,809
v09,810
v09,811
v09,812
v09,813
v09,814
v09,815
v09,816
v09,817
v09,818
v09,819
v09,820
v09,821
v09,822
v09,823
v09,824
v09,825
v09,826
v09,827
v09,828
v09,829
v09,830
v09,831
v09,832
v09,833
v09,834
v09,835
v09,836
v09,837
v09,838
v09,839
v09,840
v09,841
v09,842
v09,843
v09,844
v09,845
v09,846
v09,847
v09,848
v09,849
v09,850
v09,851
v09,852
v09,853
v09,854
v09,855
v09,856
v09,857
v09,858
v09,859
v09,860
v09,861
v09,862
v09,863
v09,864
v09,865
v09,866
v09,867
v09,868
v09,869
v09,870
v09,871
v09,872
v09,873
v09,874
v09,875
v09,876
v09,877
v09,878
v09,879
v09,880
v09,881
v09,882
v09,883
v09,884
v09,885
v09,886
v09,887
v09,888
v09,889
v09,890
v09,891
v09,892
v09,893
v09,894
v09,895
v09,896
v09,897
v09,898
v09,899
v09,900
v09,901
v09,902
v09,903
v09,904
v09,905
v09,906
v09,907
v09,908
v09,909
v09,910
v09,911
v09,912
v09,913
v09,914
v09,915
v09,916
v09,917
v09,918
v09,919
v09,920
v09,921
v09,922
v09,923
v09,924
v09,925
v09,926
v09,927
v09,928
v09,929
v09,930
v09,931
v09,932
v09,933
v09,934
v09,935
v09,936
v09,937
v09,938
v09,939
v09,940
v09,941
v09,942
v09,943
v09,944
v09,945
v09,946
v09,947
v09,948
v09,949
v09,950
v09,951
v09,952
v09,953
v09,954
v09,955
v09,956
v09,957
v09,958
v09,959
v09,960
v09,961
v09,962
v09,963
v09,964
v09,965
v09,966
v09,967
v09,968
v09,969
v09,970
v09,971
v09,972
v09,973
v09,974
v09,975
v09,976
v09,977
v09,978
v09,979
v09,980
v09,981
v09,982
v09,983
v09,984
v09,985
v09,986
v09,987
v09,988
v09,989
v09,990
v09,991
v09,992
v09,993
v09,994
v09,995
v09,996
v09,997
v09,998
v09,999
v09,1000
v09,1001
v09,1002
v09,1003
v09,1004
v09,1005
v09,1006
v09,1007
v09,1008
v09,1009
v09,1010
v09,1011
v09,1012
v09,1013
v09,1014
v09,1015
v09,1016
v09,1017
v09,1018
v09,1019
v09,1020
v09,1021
v09,1022
v09,1023
v09,1024
v09,1025
v09,1026
v09,1027
v09,1028
v09,1029
v09,1030
v09,1031
v09,1032
v09,1033
v09,1034
v09,1035
v09,1036
v09,1037
v09,1038
v09,1039
v09,1040
v09,1041
v09,1042
v09,1043
v09,1044
v09,1045
v09,1046
v09,1047
v09,1048
v09,1049
v09,1050
v09,1051
v09,1052
v09,1053
v09,1054
v09,1055
v09,1056
v09,1057
v09,1058
v09,1059
v09,1060
v09,1061
v09,1062
v09,1063
v09,1064
v09,1065
v09,1066
v09,1067
v09,1068
v09,1069
v09,1070
v09,1071
v09,1072
v09,1073
v09,1074
v09,1075
v09,1076
v09,1077
v09,1078
v09,1079
v09,1080
v09,1081
v09,1082
v09,1083
v09,1084
v09,1085
v09,1086
v09,1087
v09,1088
v09,1089
v09,1090
v09,1091
v09,1092
v09,1093
v09,1094
v09,1095
v09,1096
v09,1097
v09,1098
v09,1099
v09,1100
v09,1101
v09,1102
v09,1103
v09,1104
v09,1105
v09,1106
v09,1107
v09,1108
v09,1109
v09,1110
v09,1111
v09,1112
v09,1113
v09,1114
v09,1115
v09,1116
v09,1117
v09,1118
v09,1119
v09,1120
v09,1121
v09,1122
v09,1123
v09,1124
v09,1125
v09,1126
v09,1127
v09,1128
v09,1129
v09,1130
v09,1131
v09,1132
v09,1133
v09,1134
v09,1135
v09,1136
v09,1137
v09,1138
v09,1139
v09,1140
v09,1141
v09,1142
v09,1143
v09,1144
v09,1145
v09,1146
v09,1147
v09,1148
v09,1149
v09,1150
v09,1151
v09,1152
v09,1153
v09,1154
v09,1155
v09,1156
v09,1157
v09,1158
v09,1159
v09,1160
v09,1161
v09,1162
v09,1163
v09,1164
v09,1165
v09,1166
v09,1167
v09,1168
v09,1169
v09,1170
v09,1171
v09,1172
v09,1173
v09,1174
v09,1175
v09,1176
v09,1177
v09,1178
v09,1179
v09,1180
v09,1181
v09,1182
v09,1183
v09,1184
v09,1185
v09,1186
v09,1187
v09,1188
v09,1189
v09,1190
v09,1191
v09,1192
v09,1193
v09,1194
v09,1195
v09,1196
v09,1197
v09,1198
v09,1199
v09,1200
v09,1201
v09,1202
v09,1203
v09,1204
v09,1205
v09,1206
v09,1207
v09,1208
v09,1209
v09,1210
v09,1211
v09,1212
v09,1213
v09,1214
v09,1215
v09,1216
v09,1217
v09,1218
v09,1219
v09,1220
v09,1221
v09,1222
v09,1223
v09,1224
v09,1225
v09,1226
v09,1227
v09,1228
v09,1229
v09,1230
v09,1231
v09,1232
v09,1233
v09,1234
v09,1235
v09,1236
v09,1237
v09,1238
v09,1239
v09,1240
v09,1241
v09,1242
v09,1243
v09,1244
v09,1245
v09,1246
v09,1247
v09,1248
v09,1249
v09,1250
v09,1251
v09,1252
v09,1253
v09,1254
v09,1255
v09,1256
v09,1257
v09,1258
v09,1259
v09,1260
v09,1261
v09,1262
v09,1263
v09,1264
v09,1265
v09,1266
v09,1267
v09,1268
v09,1269
v09,1270
v09,1271
v09,1272
v09,1273
v09,1274
v09,1275
v09,1276
v09,1277
v09,1278
v09,1279
v09,1280
v09,1281
v09,1282
v09,1283
v09,1284
v09,1285
v09,1286
v09,1287
v09,1288
v09,1289
v09,1290
v09,1291
v09,1292
v09,1293
v09,1294
v09,1295
v09,1296
v09,1297
v09,1298
v09,1299
v09,1300
v09,1301
v09,1302
v09,1303
v09,1304
v09,1305
v09,1306
v09,1307
v09,1308
v09,1309
v09,1310
v09,1311
v09,1312
v09,1313
v09,1314
v09,1315
v09,1316
v09,1317
v09,1318
v09,1319
v09,1320
v09,1321
v09,1322
v09,1323
v09,1324
v09,1325
v09,1326
v09,1327
v09,1328
v09,1329
v09,1330
v09,1331
v09,1332
v09,1333
v09,1334
v09,1335
v09,1336
v09,1337
v09,1338
v09,1339
v09,1340
v09,1341
v09,1342
v09,1343
v09,1344
v09,1345
v09,1346
v09,1347
v09,1348
v09,1349
v09,1350
v09,1351
v09,1352
v09,1353
v09,1354
v09,1355
v09,1356
v09,1357
v09,1358
v09,1359
v09,1360
v09,1361
v09,1362
v09,1363
v09,1364
v09,1365
v09,1366
v09,1367
v09,1368
v09,1369
v09,1370
v09,1371
v09,1372
v09,1373
v09,1374
v09,1375
v09,1376
v09,1377
v09,1378
v09,1379
v09,1380
v09,1381
v09,1382
v09,1383
v09,1384
v09,1385
v09,1386
v09,1387
v09,1388
v09,1389
v09,1390
v09,1391
v09,1392
v09,1393
v09,1394
v09,1395
v09,1396
v09,1397
v09,1398
v09,1399
v09,1400
v09,1401
v09,1402
v09,1403
v09,1404
v09,1405
v09,1406
v09,1407
v09,1408
v09,1409
v09,1410
v09,1411
v09,1412
v09,1413
v09,1414
v09,1415
v09,1416
v09,1417
v09,1418
v09,1419
v09,1420
v09,1421
v09,1422
v09,1423
v09,1424
v09,1425
v09,1426
v09,1427
v09,1428
v09,1429
v09,1430
v09,1431
v09,1432
v09,1433
v09,1434
v09,1435
v09,1436
v09,1437
v09,1438
v09,1439
v09,1440
v09,1441
v09,1442
v09,1443
v09,1444
v09,1445
v09,1446
v09,1447
v09,1448
v09,1449
v09,1450
v09,1451
v09,1452
v09,1453
v09,1454
v09,1455
v09,1456
v09,1457
v09,1458
v09,1459
v09,1460
v09,1461
v09,1462
v09,1463
v09,1464
v09,1465
v09,1466
v09,1467
v09,1468
v09,1469
v09,1470
v09,1471
v09,1472
v09,1473
v09,1474
v09,1475
v09,1476
v09,1477
v09,1478
v09,1479
v09,1480
v09,1481
v09,1482
v09,1483
v09,1484
v09,1485
v09,1486
v09,1487
v09,1488
v09,1489
v09,1490
v09,1491
v09,1492
v09,1493
v09,1494
v09,1495
v09,1496
